id,firstname,lastname,role,location
10001111,Sally,Ferguson, Sr Developer, Dallas
10001112,Jack,Moore,Jr Developer, Houston
10001113,Garrett,Rice,Jr Developer,San Antonio
10001114,Ophelia,Luna, Sales Representative, Austin
10001115,Dollie,Becker,Help Desk Technician , Austin
10001116,Gregory,Francis,Jr Developer, Houston
10001117,Matthew,Bryant,Jr Developer, Austin
10001118,Dale,Harvey,Jr Developer, Dallas
10001119,Betty,Hart, Sr Developer, Houston
10001120,Barbara,Holt,Jr Developer, Austin
10001121,Manuel,Shaw, Sr Developer,San Antonio
10001122,Kyle,Paul,Jr Developer, Houston
10001123,Lawrence,Rhodes,Jr Developer, Austin
10001124,Shane,Stevenson,Help Desk Technician , Dallas
10001125,Barbara,Perkins, Sr Developer, Dallas
10001126,Ann,Bowen, Lead Engineer,San Antonio
10001127,Leila,Berry,Jr Developer, Dallas
10001128,Gene,Edwards, Sr Developer, Austin
10001129,Bryan,Lewis, Sales Representative, Houston
10001130,Arthur,Johnson,Help Desk Technician ,San Antonio
10001131,Rosa,Barber,Jr Developer, Austin
10001132,Bettie,Gardner, Lead Engineer, Austin
10001133,Donald,Christensen,Jr Developer, Houston
10001134,Angel,White, Sr Developer, Dallas
10001135,Floyd,Grant, Sr Developer, Houston
10001136,Linnie,Joseph, Sales Representative, Dallas
10001137,Mollie,Morton, Sales Representative, Dallas
10001138,Ryan,Morales, Lead Engineer, Houston
10001139,Rhoda,Quinn, Sr Developer, Houston
10001140,Fred,Mason,Help Desk Technician ,San Antonio
10001141,Corey,Castro,Help Desk Technician ,San Antonio
10001142,Kevin,Gilbert,Jr Developer, Houston
10001143,Tyler,Ingram, Sr Developer, Dallas
10001144,Alejandro,West,Jr Developer,San Antonio
10001145,Eric,Woods,Jr Developer, Austin
10001146,Lucas,Underwood,Help Desk Technician ,San Antonio
10001147,Herman,Henry, Lead Engineer, Austin
10001148,Philip,Nash, Lead Engineer, Houston
10001149,Antonio,Myers,Help Desk Technician , Austin
10001150,Owen,Maxwell,Jr Developer, Austin
10001151,Vernon,Schwartz, Sr Developer, Austin
10001152,Hunter,Pope, Lead Engineer, Dallas
10001153,Norman,Briggs, Sales Representative, Houston
10001154,Laura,Wagner,Jr Developer, Dallas
10001155,Linnie,Chandler, Sr Developer,San Antonio
10001156,Chad,Haynes, Sales Representative, Dallas
10001157,Victoria,Willis, Sales Representative, Austin
10001158,Chase,Watts,Help Desk Technician , Houston
10001159,Isabelle,Robbins,Jr Developer,San Antonio
10001160,Melvin,Alvarez,Help Desk Technician , Austin
10001161,Addie,Park, Sr Developer, Austin
10001162,Thomas,Wallace, Lead Engineer, Dallas
10001163,Dean,Dunn,Jr Developer,San Antonio
10001164,Fannie,Norton, Sr Developer, Dallas
10001165,Dennis,Frazier, Lead Engineer,San Antonio
10001166,Jacob,Cook, Sales Representative,San Antonio
10001167,Joseph,Riley,Help Desk Technician , Austin
10001168,Nora,Ferguson, Lead Engineer, Houston
10001169,Eric,Johnson, Sr Developer, Houston
10001170,Clyde,Copeland,Jr Developer, Houston
10001171,Evan,Smith, Lead Engineer, Austin
10001172,Christopher,Aguilar,Help Desk Technician , Austin
10001173,Steven,Riley,Help Desk Technician , Houston
10001174,Landon,Park, Lead Engineer, Austin
10001175,Hester,Weber, Lead Engineer, Austin
10001176,Randall,Jacobs, Lead Engineer, Houston
10001177,Augusta,Andrews, Sales Representative, Dallas
10001178,Dora,Lawson, Lead Engineer,San Antonio
10001179,Alfred,Austin, Lead Engineer, Austin
10001180,Minerva,Roberts, Sales Representative, Houston
10001181,Clara,Fox, Sales Representative, Houston
10001182,Eugenia,Dennis, Sales Representative, Houston
10001183,Dora,Ferguson,Help Desk Technician , Houston
10001184,Gary,Boyd, Lead Engineer, Austin
10001185,Joseph,Bishop,Help Desk Technician , Houston
10001186,Bruce,Robinson,Jr Developer, Austin
10001187,Nancy,Garza,Help Desk Technician ,San Antonio
10001188,Marion,Francis,Jr Developer,San Antonio
10001189,Leah,Wells,Help Desk Technician , Austin
10001190,Vernon,Hammond,Help Desk Technician , Houston
10001191,Ethel,Quinn,Jr Developer, Houston
10001192,Elizabeth,Watson,Jr Developer, Houston
10001193,Myrtie,Haynes,Help Desk Technician , Dallas
10001194,Marion,Collier, Lead Engineer,San Antonio
10001195,Sue,Joseph, Sr Developer, Houston
10001196,Ian,Dixon,Jr Developer, Austin
10001197,Lucile,Pope,Help Desk Technician , Austin
10001198,Mario,Lloyd,Help Desk Technician , Austin
10001199,Addie,Moss, Sales Representative, Dallas
10001200,Wesley,Martinez, Sales Representative, Houston
10001201,Helen,Salazar, Lead Engineer, Houston
10001202,Russell,Tyler,Help Desk Technician , Houston
10001203,Grace,Lawrence, Lead Engineer, Dallas
10001204,Ola,Rogers,Help Desk Technician , Dallas
10001205,Jean,Dennis, Sales Representative,San Antonio
10001206,Brandon,Harrison, Lead Engineer, Houston
10001207,Micheal,Turner,Jr Developer, Austin
10001208,Mayme,Barnett, Lead Engineer, Dallas
10001209,Nathan,Osborne, Lead Engineer,San Antonio
10001210,Lillian,Henry, Sales Representative, Dallas
10001211,Nettie,Bell, Sales Representative, Houston
10001212,Earl,Clarke,Help Desk Technician ,San Antonio
10001213,Ora,Little, Sr Developer, Austin
10001214,Alan,Palmer, Sales Representative, Austin
10001215,Trevor,Perkins, Sr Developer, Austin
10001216,Francisco,Brooks, Sr Developer,San Antonio
10001217,Lela,Walsh,Help Desk Technician , Dallas
10001218,Maude,Maxwell, Sales Representative, Austin
10001219,Cody,Jackson, Sales Representative, Houston
10001220,Roxie,Klein, Lead Engineer, Dallas
10001221,Philip,Gardner, Lead Engineer, Houston
10001222,Sophie,Marsh, Sales Representative, Dallas
10001223,Brandon,Castro, Lead Engineer, Dallas
10001224,Clayton,Cross, Sr Developer,San Antonio
10001225,Rachel,Stanley,Help Desk Technician , Houston
10001226,Grace,Tucker, Sales Representative, Dallas
10001227,Blake,Grant, Sales Representative,San Antonio
10001228,Howard,Rowe, Sr Developer, Houston
10001229,Steve,Dennis, Sr Developer, Dallas
10001230,Troy,Sparks, Sr Developer, Dallas
10001231,Roger,Hogan,Jr Developer, Austin
10001232,Jason,Peterson, Sr Developer,San Antonio
10001233,Bruce,Henry,Help Desk Technician , Austin
10001234,Isabelle,Snyder,Jr Developer, Houston
10001235,Viola,Vasquez,Jr Developer,San Antonio
10001236,Emma,Sullivan,Help Desk Technician , Austin
10001237,Jean,Drake, Sales Representative, Houston
10001238,Essie,Hampton,Help Desk Technician ,San Antonio
10001239,Adele,Smith, Lead Engineer,San Antonio
10001240,Clayton,Schmidt, Sr Developer, Houston
10001241,Leon,Hunter, Sr Developer, Austin
10001242,Lucile,Cole, Sr Developer, Dallas
10001243,Mabelle,Sullivan,Help Desk Technician , Dallas
10001244,Bertie,White, Lead Engineer,San Antonio
10001245,Joshua,Matthews,Help Desk Technician , Dallas
10001246,Ernest,Garza, Lead Engineer,San Antonio
10001247,Curtis,McGee, Lead Engineer, Dallas
10001248,Andrew,Mendoza, Sr Developer, Houston
10001249,Rose,Murphy,Help Desk Technician ,San Antonio
10001250,Ollie,Curry, Sr Developer,San Antonio
10001251,Darrell,Ramirez, Sales Representative, Dallas
10001252,Adele,Kim, Sr Developer, Houston
10001253,Susie,McKenzie, Lead Engineer,San Antonio
10001254,Donald,Davidson, Lead Engineer, Houston
10001255,Ora,Moreno, Sr Developer, Austin
10001256,Corey,Tyler, Sales Representative, Dallas
10001257,Olivia,Bishop,Jr Developer, Dallas
10001258,Virginia,Hopkins,Jr Developer, Austin
10001259,Walter,Graham,Jr Developer, Austin
10001260,Hester,Bates, Sr Developer, Dallas
10001261,Lucas,Vargas,Jr Developer,San Antonio
10001262,Donald,Schmidt, Lead Engineer,San Antonio
10001263,Etta,Lyons,Jr Developer,San Antonio
10001264,Edwin,Welch,Jr Developer,San Antonio
10001265,Steve,Hoffman,Help Desk Technician , Dallas
10001266,Jeremiah,Moss, Sales Representative, Houston
10001267,Dean,Chapman, Lead Engineer, Houston
10001268,Bobby,Herrera,Jr Developer, Austin
10001269,Larry,Spencer,Help Desk Technician , Dallas
10001270,Polly,Thompson, Lead Engineer, Austin
10001271,Mark,Cooper,Jr Developer,San Antonio
10001272,Logan,Jones, Sr Developer, Houston
10001273,Jeanette,Gonzalez, Sales Representative,San Antonio
10001274,Angel,Alvarado, Sales Representative, Houston
10001275,Alan,Banks,Help Desk Technician ,San Antonio
10001276,Effie,Lewis, Sr Developer, Dallas
10001277,Carolyn,Jennings,Jr Developer, Dallas
10001278,Bettie,Wood, Sales Representative, Houston
10001279,Ernest,Figueroa, Sales Representative, Houston
10001280,Jeff,Boyd, Sr Developer, Austin
10001281,Philip,Miller, Lead Engineer, Houston
10001282,Isabel,Banks, Lead Engineer, Dallas
10001283,Harvey,Snyder, Sr Developer,San Antonio
10001284,Russell,Campbell,Help Desk Technician , Austin
10001285,Mittie,Erickson, Sr Developer, Houston
10001286,Bryan,Ryan, Sr Developer, Houston
10001287,Larry,Strickland,Help Desk Technician , Austin
10001288,Katharine,Nunez, Sr Developer, Dallas
10001289,Vera,Terry, Sales Representative, Dallas
10001290,Randy,Joseph, Sales Representative, Houston
10001291,Mario,Oliver,Jr Developer, Dallas
10001292,Matthew,Thomas, Sales Representative,San Antonio
10001293,Duane,Pearson, Sales Representative,San Antonio
10001294,Maurice,Beck,Jr Developer, Dallas
10001295,Vernon,Robertson, Sales Representative, Dallas
10001296,Ricky,Wilkerson,Help Desk Technician , Houston
10001297,Carolyn,Chambers,Jr Developer, Austin
10001298,Brandon,Rose, Lead Engineer,San Antonio
10001299,Mamie,Wilkerson, Sr Developer, Houston
10001300,Dale,Arnold,Help Desk Technician , Houston
10001301,Mark,Hill,Help Desk Technician , Houston
10001302,Estelle,Wells,Jr Developer,San Antonio
10001303,Paul,Park,Help Desk Technician , Dallas
10001304,Bessie,Henderson, Sales Representative,San Antonio
10001305,Mathilda,Lamb, Lead Engineer, Houston
10001306,Glenn,Wong, Sr Developer, Austin
10001307,Duane,Hicks, Sales Representative, Houston
10001308,Cornelia,Gomez, Lead Engineer, Austin
10001309,Matilda,Bell, Sr Developer,San Antonio
10001310,Brett,Gordon, Sales Representative, Dallas
10001311,Ethan,Griffin,Help Desk Technician , Dallas
10001312,Austin,Estrada, Sales Representative, Houston
10001313,Ina,Snyder, Lead Engineer,San Antonio
10001314,Seth,Miller,Help Desk Technician , Houston
10001315,Charles,Chavez, Lead Engineer, Dallas
10001316,Sylvia,Haynes,Jr Developer, Houston
10001317,Phoebe,Graves, Sales Representative,San Antonio
10001318,Mittie,Bell, Sales Representative, Houston
10001319,Dale,McKenzie,Jr Developer, Dallas
10001320,Angel,McKenzie, Lead Engineer, Austin
10001321,Oscar,Norris, Lead Engineer, Houston
10001322,Vernon,Massey, Lead Engineer,San Antonio
10001323,Victoria,Parks,Jr Developer, Austin
10001324,Amanda,Swanson,Jr Developer, Dallas
10001325,Nora,Page, Lead Engineer, Dallas
10001326,Kathryn,Becker,Help Desk Technician ,San Antonio
10001327,Myrtle,Houston, Lead Engineer, Austin
10001328,Christopher,Wallace, Sr Developer, Houston
10001329,Nathan,Turner, Sr Developer, Houston
10001330,Seth,Padilla, Sr Developer, Austin
10001331,Eugenia,Mack, Lead Engineer, Houston
10001332,Charlotte,Simmons, Sr Developer, Austin
10001333,Bobby,Harper,Jr Developer, Dallas
10001334,Jessie,Schmidt, Lead Engineer, Dallas
10001335,Chris,Taylor, Sr Developer, Dallas
10001336,Barbara,Jackson, Lead Engineer, Houston
10001337,Calvin,Nelson, Sales Representative,San Antonio
10001338,Lee,Spencer,Help Desk Technician , Houston
10001339,Caleb,Nelson, Lead Engineer,San Antonio
10001340,Flora,Silva,Jr Developer, Houston
10001341,Lillian,Carlson, Lead Engineer, Dallas
10001342,Warren,Frank, Lead Engineer, Austin
10001343,Alex,Casey,Jr Developer,San Antonio
10001344,Cole,Ortega,Help Desk Technician , Houston
10001345,Eric,Ball, Sales Representative,San Antonio
10001346,Cornelia,Harmon, Sr Developer, Austin
10001347,Brandon,Jefferson,Jr Developer, Dallas
10001348,Dustin,Vaughn,Jr Developer, Dallas
10001349,Connor,Vargas, Sales Representative, Dallas
10001350,Cornelia,Cox,Jr Developer,San Antonio
10001351,Lulu,Lane,Jr Developer, Dallas
10001352,Ethan,Caldwell, Sr Developer, Dallas
10001353,Margaret,Lloyd, Sr Developer, Austin
10001354,Nina,Johnson,Jr Developer, Houston
10001355,Frances,Singleton,Jr Developer,San Antonio
10001356,Lula,Townsend,Help Desk Technician , Houston
10001357,Oscar,Bryant, Sales Representative, Houston
10001358,Floyd,Leonard,Jr Developer, Austin
10001359,Justin,Thornton,Jr Developer, Houston
10001360,Ricky,Black, Lead Engineer,San Antonio
10001361,Dorothy,Walters, Sr Developer, Dallas
10001362,Ronald,Walton,Help Desk Technician , Dallas
10001363,Devin,Reyes,Help Desk Technician , Dallas
10001364,Charlie,Lyons, Sr Developer, Dallas
10001365,Hilda,Sims, Sales Representative, Dallas
10001366,Steven,Guzman, Sales Representative,San Antonio
10001367,Victor,Hines,Help Desk Technician ,San Antonio
10001368,Ruby,Cunningham, Lead Engineer, Houston
10001369,Georgia,Knight, Lead Engineer, Houston
10001370,Corey,Malone, Sr Developer, Dallas
10001371,Estella,Wilkins, Sr Developer, Dallas
10001372,Edward,Lewis, Sr Developer, Houston
10001373,Viola,Padilla,Jr Developer, Dallas
10001374,Timothy,Townsend,Help Desk Technician , Dallas
10001375,Frank,Bailey,Jr Developer, Houston
10001376,Daniel,Sanchez,Help Desk Technician , Dallas
10001377,Georgie,Patrick, Sales Representative,San Antonio
10001378,Ian,Carson, Lead Engineer, Dallas
10001379,Georgie,Jacobs,Jr Developer, Austin
10001380,Allen,Myers, Lead Engineer, Dallas
10001381,Paul,Bridges,Jr Developer, Houston
10001382,Wesley,Turner,Jr Developer,San Antonio
10001383,Florence,Peterson, Sales Representative,San Antonio
10001384,Millie,Mendoza, Sr Developer, Dallas
10001385,Charlotte,Fletcher, Sales Representative,San Antonio
10001386,Kenneth,Powell,Help Desk Technician , Dallas
10001387,Terry,Peterson,Help Desk Technician , Dallas
10001388,Beulah,Bates, Sales Representative,San Antonio
10001389,Leonard,Lucas, Sales Representative, Houston
10001390,Josephine,Ruiz, Sales Representative, Dallas
10001391,Lenora,Silva,Jr Developer, Dallas
10001392,Manuel,Rose, Lead Engineer,San Antonio
10001393,Micheal,Hopkins,Jr Developer, Dallas
10001394,Grace,Hill,Jr Developer, Austin
10001395,Bernard,Lane,Jr Developer, Houston
10001396,Frances,Huff, Sales Representative, Dallas
10001397,Johanna,Anderson,Help Desk Technician , Houston
10001398,Elsie,Henderson,Jr Developer, Houston
10001399,Herbert,Hammond, Sales Representative, Austin
10001400,Cecelia,Carson, Sales Representative, Houston
10001401,Lester,Wade, Sales Representative, Dallas
10001402,Iva,Underwood, Sales Representative, Dallas
10001403,Pauline,Hunt,Help Desk Technician , Dallas
10001404,Jennie,Sullivan, Lead Engineer, Austin
10001405,Katie,Moreno,Jr Developer, Houston
10001406,Ethel,Simon,Jr Developer,San Antonio
10001407,Seth,Andrews,Help Desk Technician ,San Antonio
10001408,Gene,Brock,Jr Developer, Houston
10001409,Randall,Mills, Sales Representative,San Antonio
10001410,Steve,Hudson, Sales Representative, Dallas
10001411,Nelle,Hunter, Lead Engineer, Dallas
10001412,Russell,Hansen, Lead Engineer, Houston
10001413,Chester,Elliott,Jr Developer,San Antonio
10001414,Erik,Burns,Help Desk Technician , Houston
10001415,Todd,Holt, Sr Developer,San Antonio
10001416,Barbara,Cooper, Sales Representative, Austin
10001417,Myrtle,Franklin,Help Desk Technician ,San Antonio
10001418,Amelia,Walker,Jr Developer,San Antonio
10001419,Myra,Lamb,Jr Developer,San Antonio
10001420,Verna,Duncan,Help Desk Technician , Austin
10001421,Susan,Klein, Sales Representative, Austin
10001422,Edgar,Parks, Lead Engineer,San Antonio
10001423,Daniel,Reed, Sr Developer, Austin
10001424,Barbara,Reid, Lead Engineer, Houston
10001425,Joe,Welch,Help Desk Technician ,San Antonio
10001426,Dean,Lindsey, Lead Engineer, Austin
10001427,Caleb,Porter,Help Desk Technician , Austin
10001428,Emily,Castillo, Sales Representative, Dallas
10001429,Fred,Potter,Jr Developer,San Antonio
10001430,Estelle,McDaniel, Lead Engineer, Houston
10001431,Matilda,Jennings, Sr Developer, Austin
10001432,Hattie,Todd,Jr Developer, Houston
10001433,Frank,Howard, Sr Developer, Austin
10001434,Cordelia,Hicks, Sales Representative, Dallas
10001435,Jared,Sherman,Help Desk Technician , Austin
10001436,Bernice,Reese, Sales Representative, Houston
10001437,Iva,Rios, Sr Developer,San Antonio
10001438,Jean,Hubbard, Sales Representative, Dallas
10001439,Gregory,Erickson, Sr Developer, Austin
10001440,Gerald,Armstrong, Lead Engineer, Austin
10001441,Bernard,Long, Lead Engineer, Austin
10001442,Jeffrey,Tucker, Sales Representative, Dallas
10001443,Randall,Ballard, Lead Engineer, Houston
10001444,Jack,Howard, Sales Representative, Houston
10001445,Lillian,Alvarado,Jr Developer, Dallas
10001446,Irene,Nguyen, Sr Developer, Austin
10001447,Nathaniel,Stephens, Lead Engineer, Houston
10001448,Helen,Lambert, Sales Representative, Houston
10001449,Carrie,Graves,Help Desk Technician , Houston
10001450,Travis,Cobb,Jr Developer, Houston
10001451,Alexander,Wright, Sr Developer, Houston
10001452,Lida,Jennings, Sr Developer, Houston
10001453,Jeff,Bass, Sr Developer, Houston
10001454,Helen,Morrison, Sr Developer, Dallas
10001455,Lucy,Jimenez,Help Desk Technician , Houston
10001456,Terry,Patrick, Sales Representative, Houston
10001457,Alejandro,Gonzalez,Jr Developer, Houston
10001458,Jackson,Benson, Lead Engineer,San Antonio
10001459,Ollie,Miller,Help Desk Technician , Dallas
10001460,Matthew,Morris,Help Desk Technician ,San Antonio
10001461,Emilie,Underwood, Sr Developer, Dallas
10001462,Lina,Shaw,Jr Developer, Houston
10001463,Lelia,Lyons, Lead Engineer, Austin
10001464,Earl,Poole, Sales Representative,San Antonio
10001465,Ellen,Castillo,Help Desk Technician ,San Antonio
10001466,Mamie,Atkins,Help Desk Technician ,San Antonio
10001467,Ernest,Sanchez,Help Desk Technician , Austin
10001468,Nina,Barnett, Sales Representative, Houston
10001469,Edgar,Steele, Sales Representative, Austin
10001470,Sophia,Long,Jr Developer, Austin
10001471,Jim,Bradley, Sales Representative, Austin
10001472,Nettie,Garner, Lead Engineer, Austin
10001473,Cora,Bowers, Sales Representative, Austin
10001474,Fannie,Tran,Jr Developer, Dallas
10001475,Harriet,Tyler, Sales Representative, Houston
10001476,Minnie,Williamson, Sr Developer, Dallas
10001477,Nathaniel,Welch,Help Desk Technician , Houston
10001478,Craig,Doyle, Lead Engineer, Austin
10001479,Theresa,McKenzie, Lead Engineer, Austin
10001480,Jared,Jimenez, Lead Engineer, Houston
10001481,Lura,Hogan, Lead Engineer,San Antonio
10001482,Augusta,Bishop,Help Desk Technician ,San Antonio
10001483,Edith,Taylor, Lead Engineer, Houston
10001484,Emma,Massey,Help Desk Technician ,San Antonio
10001485,Birdie,Gordon,Jr Developer,San Antonio
10001486,Barbara,Tate, Lead Engineer, Austin
10001487,Lucas,Reed, Sr Developer,San Antonio
10001488,Eugene,Glover, Sr Developer, Houston
10001489,Allen,Blake,Help Desk Technician , Houston
10001490,Katharine,Parsons, Sr Developer,San Antonio
10001491,Roy,Cannon,Jr Developer, Dallas
10001492,Jack,McGee, Sales Representative, Houston
10001493,Jack,Edwards, Lead Engineer,San Antonio
10001494,Bruce,Bowman, Sales Representative, Austin
10001495,Polly,Paul, Sales Representative, Dallas
10001496,Herman,Drake,Jr Developer,San Antonio
10001497,Edna,Johnson,Jr Developer,San Antonio
10001498,Dollie,Welch, Lead Engineer,San Antonio
10001499,Lora,Underwood,Help Desk Technician , Houston
10001500,Isabel,Goodman,Help Desk Technician , Dallas
10001501,Olivia,Santos, Sales Representative, Dallas
10001502,Lula,Ball,Help Desk Technician , Austin
10001503,Luis,Romero,Jr Developer, Austin
10001504,Grace,Pratt,Jr Developer, Houston
10001505,Estella,Hawkins,Jr Developer, Dallas
10001506,Aiden,Shelton, Sr Developer, Dallas
10001507,Marion,McLaughlin,Jr Developer, Houston
10001508,Alma,Coleman,Jr Developer, Houston
10001509,Ryan,Reynolds, Sales Representative, Houston
10001510,Devin,Joseph,Jr Developer, Houston
10001511,Carrie,Hudson, Sr Developer, Houston
10001512,Lulu,Gray, Lead Engineer, Houston
10001513,Vernon,Guzman, Sr Developer, Houston
10001514,Lily,Brady,Jr Developer, Houston
10001515,Jonathan,Pittman, Sr Developer, Austin
10001516,Shawn,Sutton,Help Desk Technician ,San Antonio
10001517,Darrell,Saunders,Jr Developer, Houston
10001518,Douglas,Tran, Lead Engineer,San Antonio
10001519,Aaron,Fletcher,Help Desk Technician , Austin
10001520,Jessie,Newton,Help Desk Technician , Dallas
10001521,Amanda,Steele, Lead Engineer, Houston
10001522,Helen,Roy,Help Desk Technician , Dallas
10001523,Andrew,Cortez,Jr Developer,San Antonio
10001524,Lela,Becker, Sales Representative,San Antonio
10001525,Henry,Gill,Jr Developer, Austin
10001526,Teresa,Welch, Sr Developer, Houston
10001527,William,Woods,Help Desk Technician , Austin
10001528,Mamie,Massey, Sr Developer, Houston
10001529,Nina,Moreno, Lead Engineer, Dallas
10001530,Steven,Chavez,Help Desk Technician , Dallas
10001531,Theodore,Walters, Sales Representative, Dallas
10001532,Kathryn,Watson, Sr Developer, Austin
10001533,Etta,Black,Help Desk Technician , Dallas
10001534,Callie,Baldwin, Lead Engineer,San Antonio
10001535,Julia,Wilkins, Lead Engineer, Dallas
10001536,Sean,Hill, Sales Representative, Dallas
10001537,Mildred,Lopez, Sales Representative,San Antonio
10001538,Jerry,Jimenez,Help Desk Technician ,San Antonio
10001539,Philip,Collier, Sales Representative, Houston
10001540,Shane,Moran, Sr Developer, Dallas
10001541,Susan,Hughes, Lead Engineer, Dallas
10001542,Hallie,Logan,Jr Developer, Dallas
10001543,Myrtle,Sharp,Help Desk Technician ,San Antonio
10001544,Adele,Brady, Sr Developer,San Antonio
10001545,Lola,Peterson, Sr Developer, Dallas
10001546,Mabelle,Hernandez,Help Desk Technician , Austin
10001547,Milton,Simon,Jr Developer, Dallas
10001548,Hattie,Pittman, Sales Representative, Austin
10001549,Todd,Hicks, Lead Engineer, Dallas
10001550,Evelyn,Payne, Lead Engineer, Austin
10001551,Clayton,Frank,Jr Developer,San Antonio
10001552,Nicholas,Garza, Lead Engineer, Dallas
10001553,Barry,Chavez, Sales Representative, Houston
10001554,Timothy,Martinez,Help Desk Technician ,San Antonio
10001555,Randall,Sharp, Sales Representative, Dallas
10001556,Glen,Lee,Help Desk Technician ,San Antonio
10001557,Lelia,Cooper,Help Desk Technician , Austin
10001558,Roxie,Harrington, Lead Engineer, Dallas
10001559,Leona,Daniels, Sr Developer, Houston
10001560,Augusta,Santiago,Help Desk Technician , Austin
10001561,Marguerite,Nunez, Sales Representative, Austin
10001562,Rosetta,Ramos, Lead Engineer, Austin
10001563,Dollie,Fowler,Jr Developer, Dallas
10001564,Minnie,Pope,Help Desk Technician , Houston
10001565,Sara,Graves, Lead Engineer,San Antonio
10001566,Henry,Saunders, Sales Representative,San Antonio
10001567,Herman,Holt,Jr Developer, Austin
10001568,Frederick,Daniel,Help Desk Technician , Dallas
10001569,Douglas,Gonzales, Sales Representative,San Antonio
10001570,Christine,Ortiz, Lead Engineer, Dallas
10001571,Ivan,Fox, Lead Engineer, Austin
10001572,Walter,Morris, Lead Engineer, Dallas
10001573,Rosetta,Sanchez, Lead Engineer, Austin
10001574,Jared,Gross,Jr Developer, Houston
10001575,Marguerite,Soto,Help Desk Technician , Dallas
10001576,Cody,Daniels, Sales Representative, Austin
10001577,Sophie,Colon,Jr Developer,San Antonio
10001578,Henry,Vasquez,Jr Developer,San Antonio
10001579,Lina,Ramsey, Sr Developer, Houston
10001580,Christian,Briggs, Lead Engineer,San Antonio
10001581,Joe,Cummings,Jr Developer, Austin
10001582,Marvin,Frazier,Help Desk Technician , Austin
10001583,Katharine,Bowen, Sr Developer, Dallas
10001584,Richard,Lewis,Help Desk Technician , Dallas
10001585,Anthony,Weaver,Help Desk Technician , Houston
10001586,Devin,Brock, Sr Developer, Austin
10001587,Clarence,Graham, Lead Engineer, Austin
10001588,Francis,Hogan, Sr Developer,San Antonio
10001589,Bryan,Lawrence,Help Desk Technician ,San Antonio
10001590,Trevor,Diaz, Lead Engineer,San Antonio
10001591,Adelaide,Schmidt, Lead Engineer, Houston
10001592,Alice,Gutierrez, Sr Developer, Austin
10001593,Katharine,Carson, Sr Developer, Austin
10001594,Etta,Hodges,Help Desk Technician ,San Antonio
10001595,Charlotte,Shelton, Sr Developer, Houston
10001596,Patrick,Gregory, Sr Developer, Austin
10001597,Jane,Meyer, Sales Representative, Austin
10001598,Essie,Rodriguez,Help Desk Technician , Houston
10001599,Dean,Castillo,Help Desk Technician , Austin
10001600,Estelle,Obrien, Sr Developer,San Antonio
10001601,Lina,Black,Jr Developer, Austin
10001602,Hannah,Hardy,Help Desk Technician ,San Antonio
10001603,Ralph,Martinez, Lead Engineer, Houston
10001604,Sally,Ball, Sales Representative, Dallas
10001605,Shawn,Estrada, Sales Representative, Austin
10001606,Eva,Howell, Sales Representative,San Antonio
10001607,Winnie,Valdez,Jr Developer, Austin
10001608,Shane,Simon, Lead Engineer,San Antonio
10001609,Mabel,Ortiz,Help Desk Technician , Houston
10001610,Essie,Barker, Sales Representative, Dallas
10001611,Pearl,Reeves, Sales Representative, Houston
10001612,Ray,Walsh,Jr Developer, Dallas
10001613,Jon,Swanson, Sr Developer, Austin
10001614,Max,Joseph,Jr Developer, Houston
10001615,Alex,McGuire, Sales Representative, Austin
10001616,Lottie,Briggs, Sales Representative, Houston
10001617,Susie,Swanson, Sales Representative, Austin
10001618,Marc,Porter,Help Desk Technician ,San Antonio
10001619,Cecilia,Hogan, Sales Representative,San Antonio
10001620,Stephen,Peterson,Help Desk Technician , Austin
10001621,Sophie,Leonard,Help Desk Technician , Austin
10001622,Ethel,Casey, Sales Representative, Dallas
10001623,Margaret,Banks,Help Desk Technician , Austin
10001624,Cecilia,Beck, Sr Developer, Houston
10001625,Nicholas,Ballard,Help Desk Technician , Houston
10001626,Edna,Quinn, Lead Engineer, Houston
10001627,Thomas,Santos, Sales Representative, Austin
10001628,Flora,Watts,Jr Developer, Dallas
10001629,Stanley,Page,Help Desk Technician ,San Antonio
10001630,Lenora,Logan,Jr Developer, Austin
10001631,Christian,Poole,Help Desk Technician ,San Antonio
10001632,Brian,Harper,Jr Developer,San Antonio
10001633,Claudia,Manning, Sales Representative, Austin
10001634,Sara,Mason, Lead Engineer, Houston
10001635,Carolyn,Bennett, Sr Developer, Houston
10001636,Dollie,McDonald, Sales Representative, Dallas
10001637,Joshua,Park, Sr Developer, Dallas
10001638,Ollie,Morris, Sr Developer, Dallas
10001639,Angel,Norton, Sales Representative, Austin
10001640,Connor,Diaz,Help Desk Technician , Austin
10001641,Elnora,Reid, Sales Representative, Houston
10001642,Donald,Harris,Jr Developer, Houston
10001643,Stella,Osborne, Sales Representative, Dallas
10001644,Kevin,Powell, Sales Representative, Dallas
10001645,Lucas,Warren, Sr Developer, Houston
10001646,Alan,Wilkins,Help Desk Technician , Dallas
10001647,Seth,Alvarado, Lead Engineer, Austin
10001648,Chris,Christensen,Jr Developer, Austin
10001649,Helen,Curtis, Lead Engineer, Houston
10001650,Amy,Stewart,Jr Developer, Houston
10001651,Harold,Wright,Help Desk Technician , Houston
10001652,Barry,Massey, Sr Developer, Dallas
10001653,Mike,Tyler, Lead Engineer,San Antonio
10001654,Nicholas,Greer, Sales Representative, Dallas
10001655,Elizabeth,Bush,Jr Developer, Dallas
10001656,Duane,Harrison, Sales Representative,San Antonio
10001657,Jeffery,Schultz, Sales Representative,San Antonio
10001658,Linnie,Bell, Sr Developer,San Antonio
10001659,Barbara,Miles,Help Desk Technician , Houston
10001660,Eddie,Newton, Sr Developer, Austin
10001661,Craig,Newman, Sr Developer, Houston
10001662,Mildred,Summers, Sales Representative, Dallas
10001663,Albert,Watson,Help Desk Technician ,San Antonio
10001664,Susie,Berry, Sales Representative, Dallas
10001665,Irene,Barrett, Sales Representative, Dallas
10001666,Victoria,George,Help Desk Technician , Dallas
10001667,Cynthia,Griffin, Sr Developer, Dallas
10001668,Pauline,Craig,Jr Developer, Austin
10001669,Myrtle,Massey, Sr Developer, Dallas
10001670,Mark,Alexander,Help Desk Technician ,San Antonio
10001671,Chase,Padilla,Help Desk Technician , Dallas
10001672,Leon,Long, Sr Developer, Austin
10001673,Chase,Collier,Jr Developer, Houston
10001674,Shane,Sutton,Help Desk Technician , Austin
10001675,Cynthia,Stevens, Sr Developer, Houston
10001676,Allie,Harvey, Lead Engineer, Austin
10001677,Madge,Norman,Help Desk Technician ,San Antonio
10001678,Alexander,Rios, Sr Developer, Austin
10001679,Oscar,Ford, Sr Developer, Houston
10001680,Eunice,Stevenson, Lead Engineer, Dallas
10001681,Della,Howard,Help Desk Technician , Dallas
10001682,Ethan,Wolfe, Sr Developer, Houston
10001683,Christine,Marsh, Lead Engineer,San Antonio
10001684,Hunter,Rodgers,Help Desk Technician , Austin
10001685,Lenora,Tyler, Sr Developer, Austin
10001686,Evan,Martinez, Lead Engineer, Austin
10001687,Belle,Alvarez, Sr Developer, Austin
10001688,William,Ortiz,Jr Developer,San Antonio
10001689,Eula,Stanley,Jr Developer, Houston
10001690,Alexander,Douglas, Sales Representative, Houston
10001691,Sylvia,Higgins, Sr Developer, Austin
10001692,William,Kelly, Sr Developer, Dallas
10001693,Angel,Caldwell,Help Desk Technician , Dallas
10001694,Lester,Dennis,Help Desk Technician , Dallas
10001695,David,Morales, Sr Developer, Houston
10001696,Herman,Nichols,Help Desk Technician , Houston
10001697,Lloyd,McGee,Jr Developer, Austin
10001698,Ophelia,Patrick,Help Desk Technician , Austin
10001699,Jesse,Singleton, Lead Engineer,San Antonio
10001700,Seth,Luna, Lead Engineer, Dallas
10001701,Georgia,Mills, Sr Developer, Houston
10001702,Don,Dawson,Jr Developer, Houston
10001703,Delia,Sparks,Help Desk Technician , Dallas
10001704,Ryan,Peters, Lead Engineer,San Antonio
10001705,Cody,Barnett, Lead Engineer, Dallas
10001706,Mason,Miles,Help Desk Technician ,San Antonio
10001707,Essie,George, Sr Developer,San Antonio
10001708,Herman,Roberson, Sr Developer,San Antonio
10001709,Helena,Dixon,Jr Developer, Dallas
10001710,Cecilia,Sutton,Help Desk Technician , Austin
10001711,Olga,Barnett,Jr Developer, Houston
10001712,Martin,Scott, Lead Engineer, Austin
10001713,Lucy,King, Sales Representative,San Antonio
10001714,Gary,Swanson, Sales Representative, Austin
10001715,Maggie,Poole,Jr Developer, Houston
10001716,Matthew,Mitchell,Jr Developer, Houston
10001717,Joseph,Obrien, Sales Representative,San Antonio
10001718,Theodore,Bowman,Jr Developer,San Antonio
10001719,Effie,Hall, Sales Representative, Houston
10001720,Garrett,Dean, Sales Representative, Houston
10001721,Jessie,Norman, Sales Representative,San Antonio
10001722,Anne,Adkins,Jr Developer, Austin
10001723,Gussie,Garrett, Sr Developer, Austin
10001724,Jerry,Stewart,Help Desk Technician , Austin
10001725,Earl,Gutierrez, Sales Representative, Dallas
10001726,Dominic,Roy, Sales Representative, Houston
10001727,Joshua,Harvey,Help Desk Technician , Houston
10001728,Roger,Blake, Sales Representative, Dallas
10001729,Dorothy,Collier,Help Desk Technician ,San Antonio
10001730,Owen,West, Sales Representative, Dallas
10001731,Effie,Martinez,Help Desk Technician ,San Antonio
10001732,Cynthia,Hunter, Sr Developer,San Antonio
10001733,Curtis,Cortez,Help Desk Technician ,San Antonio
10001734,Jessie,Gordon, Sales Representative, Dallas
10001735,Beulah,Lowe, Lead Engineer, Dallas
10001736,Roger,Cole, Lead Engineer, Dallas
10001737,Rosa,Sutton,Jr Developer, Dallas
10001738,Ellen,Sutton, Sales Representative,San Antonio
10001739,Alejandro,Osborne, Sr Developer, Dallas
10001740,Evan,Briggs, Lead Engineer, Dallas
10001741,Verna,Roberts, Lead Engineer, Houston
10001742,Eddie,Wilkerson, Sales Representative, Dallas
10001743,Fanny,Schneider, Sr Developer, Austin
10001744,Bill,Franklin, Sales Representative, Dallas
10001745,Gary,Fernandez, Lead Engineer,San Antonio
10001746,Estelle,Armstrong,Help Desk Technician , Austin
10001747,Inez,Cain,Help Desk Technician , Dallas
10001748,Winifred,Hernandez,Jr Developer, Dallas
10001749,Rosie,Ortega, Sales Representative, Austin
10001750,Lena,Evans, Sales Representative, Dallas
10001751,Jay,McCormick, Lead Engineer, Dallas
10001752,Jay,Chambers,Help Desk Technician ,San Antonio
10001753,Dollie,Morton,Jr Developer, Dallas
10001754,Ora,Watson,Help Desk Technician ,San Antonio
10001755,Cordelia,Duncan, Sr Developer, Dallas
10001756,Minnie,Rodriquez,Jr Developer,San Antonio
10001757,Eva,Rhodes,Help Desk Technician ,San Antonio
10001758,Harriet,Simpson, Sr Developer, Dallas
10001759,Ryan,Austin,Help Desk Technician , Houston
10001760,Aaron,Day,Jr Developer,San Antonio
10001761,Miguel,Garrett,Jr Developer, Dallas
10001762,Caleb,Weber, Sales Representative,San Antonio
10001763,Lois,Ortega,Help Desk Technician , Dallas
10001764,Rena,Rose, Lead Engineer, Austin
10001765,Ricardo,Lopez, Sr Developer, Austin
10001766,Frank,Neal,Help Desk Technician , Austin
10001767,Matthew,Hughes, Sales Representative, Austin
10001768,Alice,Crawford,Jr Developer, Houston
10001769,Clifford,Hughes,Jr Developer, Houston
10001770,Kathryn,Reed,Jr Developer, Dallas
10001771,Mattie,Armstrong, Lead Engineer, Dallas
10001772,Don,Hodges, Sr Developer, Austin
10001773,Shane,Pratt,Jr Developer,San Antonio
10001774,Charlotte,Weber,Jr Developer, Dallas
10001775,Edgar,Alexander, Sr Developer, Houston
10001776,Ivan,Woods, Lead Engineer,San Antonio
10001777,Lizzie,Lynch,Jr Developer,San Antonio
10001778,Lillie,Parker, Sr Developer, Houston
10001779,Lawrence,Brown, Lead Engineer, Dallas
10001780,Steven,Hamilton, Sales Representative, Austin
10001781,Patrick,Maldonado, Sr Developer, Austin
10001782,Amy,Harmon, Sales Representative, Houston
10001783,Irene,Rivera, Sales Representative,San Antonio
10001784,Lois,Sandoval, Lead Engineer, Austin
10001785,Harriet,Harrison,Help Desk Technician , Houston
10001786,Cory,Graves, Sales Representative, Houston
10001787,Ray,Ortiz, Lead Engineer, Houston
10001788,Russell,Mills,Jr Developer, Austin
10001789,Alta,Morgan, Sr Developer, Dallas
10001790,Betty,McBride,Jr Developer,San Antonio
10001791,Ella,Bates, Sales Representative, Dallas
10001792,Lydia,Cannon, Lead Engineer,San Antonio
10001793,Joe,Adams, Sales Representative, Houston
10001794,Elva,Floyd,Jr Developer, Houston
10001795,Caleb,Ramsey,Jr Developer, Austin
10001796,Lucinda,Hanson,Jr Developer, Houston
10001797,Eugene,West, Sr Developer, Dallas
10001798,Annie,White, Sr Developer, Dallas
10001799,Violet,Peterson, Sales Representative,San Antonio
10001800,Eliza,Vargas,Help Desk Technician , Dallas
10001801,Alvin,Hanson,Help Desk Technician , Austin
10001802,Alberta,Richardson, Sales Representative, Dallas
10001803,Eric,Frank, Sales Representative, Dallas
10001804,Elnora,Poole, Sr Developer, Dallas
10001805,Jimmy,Reid,Jr Developer, Houston
10001806,Stanley,Morales,Help Desk Technician , Houston
10001807,Marc,Marshall,Jr Developer, Dallas
10001808,Adam,Blair, Sales Representative, Austin
10001809,Ora,Cruz, Sales Representative, Austin
10001810,Allie,Rogers, Lead Engineer, Dallas
10001811,Mark,Massey, Sr Developer, Austin
10001812,Frederick,Snyder, Lead Engineer, Austin
10001813,Loretta,Berry,Help Desk Technician ,San Antonio
10001814,Beulah,Hughes,Jr Developer, Houston
10001815,Theodore,Barnes, Sales Representative,San Antonio
10001816,Eunice,Parks,Help Desk Technician , Houston
10001817,Ray,Gregory, Sr Developer, Austin
10001818,Bradley,Craig,Jr Developer,San Antonio
10001819,Myra,Schultz, Lead Engineer, Houston
10001820,Luella,Armstrong, Sr Developer, Austin
10001821,Nell,Klein, Sr Developer, Dallas
10001822,Nicholas,Parker, Lead Engineer, Houston
10001823,Lewis,Wright,Help Desk Technician ,San Antonio
10001824,Norman,Santos,Jr Developer,San Antonio
10001825,Amy,Parks,Jr Developer, Houston
10001826,Iva,Nelson,Jr Developer,San Antonio
10001827,Lela,Lamb,Help Desk Technician ,San Antonio
10001828,Brandon,Weaver,Help Desk Technician , Austin
10001829,Jorge,Mendez, Lead Engineer,San Antonio
10001830,Brent,Roberson, Sr Developer, Austin
10001831,Martin,Fleming,Jr Developer, Houston
10001832,Lettie,Mack, Sales Representative, Houston
10001833,Cecelia,McBride, Lead Engineer, Dallas
10001834,Lillie,Paul, Sales Representative,San Antonio
10001835,Clifford,Cortez, Lead Engineer, Houston
10001836,Maurice,Richards, Lead Engineer,San Antonio
10001837,Cynthia,Valdez,Jr Developer, Dallas
10001838,Marion,Cobb, Sales Representative, Austin
10001839,Mark,Ortega,Jr Developer, Austin
10001840,Callie,Ward, Lead Engineer, Dallas
10001841,Jeffery,Lynch, Lead Engineer, Austin
10001842,Wesley,Torres,Help Desk Technician , Houston
10001843,Lola,Barnes,Jr Developer,San Antonio
10001844,Estelle,Green, Sales Representative, Houston
10001845,Ann,Barnes,Help Desk Technician , Houston
10001846,Caleb,Powers, Sr Developer, Houston
10001847,Micheal,Sharp,Jr Developer, Dallas
10001848,Carl,Wagner,Jr Developer, Dallas
10001849,Rhoda,Burton, Lead Engineer, Houston
10001850,Douglas,Griffin, Sales Representative, Austin
10001851,Francisco,Fields,Help Desk Technician , Dallas
10001852,Cornelia,Mann,Jr Developer, Houston
10001853,Cody,Ingram,Help Desk Technician , Dallas
10001854,Isabel,Hunter,Help Desk Technician , Houston
10001855,Lillian,Sutton, Sr Developer, Houston
10001856,Joseph,Tran,Help Desk Technician , Austin
10001857,James,Burgess, Lead Engineer, Dallas
10001858,Zachary,Keller, Lead Engineer, Houston
10001859,Ophelia,Nash,Jr Developer,San Antonio
10001860,Pearl,Mullins,Help Desk Technician ,San Antonio
10001861,Glenn,White,Jr Developer, Houston
10001862,Betty,Hall, Sr Developer,San Antonio
10001863,Lelia,Martinez,Help Desk Technician , Houston
10001864,Julian,Jackson,Help Desk Technician , Dallas
10001865,Shawn,Black, Lead Engineer, Austin
10001866,Della,Luna,Jr Developer, Austin
10001867,Howard,Lynch, Sr Developer,San Antonio
10001868,Allen,Tran, Sr Developer, Austin
10001869,Pauline,Jenkins, Sr Developer, Houston
10001870,Martha,Ballard,Jr Developer, Houston
10001871,Ernest,Rodriguez, Sales Representative, Houston
10001872,Kenneth,Lawson,Jr Developer, Dallas
10001873,Larry,Stevens,Help Desk Technician ,San Antonio
10001874,Maude,Phelps,Jr Developer,San Antonio
10001875,Herman,Park,Jr Developer, Austin
10001876,Maggie,Sandoval,Jr Developer, Austin
10001877,Carrie,Long,Jr Developer, Austin
10001878,Fanny,Carson,Help Desk Technician , Houston
10001879,Earl,Vaughn, Lead Engineer, Houston
10001880,Chase,Sanchez, Sales Representative, Dallas
10001881,Dora,Farmer, Lead Engineer, Dallas
10001882,Victoria,McGuire, Sales Representative, Dallas
10001883,Adeline,Jimenez, Sales Representative,San Antonio
10001884,Milton,Wilson, Sales Representative, Austin
10001885,Jerome,Dunn, Lead Engineer, Houston
10001886,Julian,Palmer, Sales Representative, Austin
10001887,Ivan,Poole, Sales Representative, Austin
10001888,Maurice,Edwards, Sales Representative,San Antonio
10001889,Billy,Clark, Lead Engineer, Austin
10001890,Inez,Cross, Sales Representative, Austin
10001891,Terry,Bass,Help Desk Technician , Houston
10001892,Lucinda,Blake, Sr Developer,San Antonio
10001893,Amanda,Palmer,Help Desk Technician , Dallas
10001894,Oscar,Gordon,Jr Developer, Dallas
10001895,Joel,Bradley,Help Desk Technician ,San Antonio
10001896,Jeff,Boone, Sales Representative, Houston
10001897,Delia,Fowler, Lead Engineer, Houston
10001898,Mayme,Valdez,Jr Developer,San Antonio
10001899,Ray,Barrett, Sales Representative, Houston
10001900,Mina,Obrien, Lead Engineer, Houston
10001901,Cory,Mendoza, Lead Engineer, Dallas
10001902,Ralph,Morrison,Help Desk Technician , Dallas
10001903,Edna,Vasquez, Sr Developer, Houston
10001904,Logan,Henry,Help Desk Technician , Dallas
10001905,Don,Hale,Help Desk Technician , Houston
10001906,Sadie,Gibbs, Sales Representative, Austin
10001907,Randall,Reynolds,Jr Developer, Houston
10001908,Leonard,McBride,Jr Developer, Austin
10001909,Carolyn,Sherman,Help Desk Technician , Austin
10001910,Alfred,Austin, Sr Developer,San Antonio
10001911,Hunter,Wheeler, Lead Engineer, Dallas
10001912,Evelyn,Rivera,Help Desk Technician , Dallas
10001913,Johanna,Freeman, Sr Developer, Austin
10001914,Carrie,Mathis,Jr Developer, Austin
10001915,Sara,Allison, Sr Developer,San Antonio
10001916,Mason,Collier, Sales Representative, Austin
10001917,Brandon,Boone, Lead Engineer, Austin
10001918,Irene,Jefferson, Sales Representative,San Antonio
10001919,May,Richardson,Help Desk Technician , Dallas
10001920,Leo,Johnston, Sr Developer, Austin
10001921,Minnie,Cain,Jr Developer, Austin
10001922,Jerome,Shelton, Sales Representative,San Antonio
10001923,Sophia,Vaughn, Lead Engineer,San Antonio
10001924,Phoebe,Garcia, Lead Engineer,San Antonio
10001925,Gregory,Moore, Lead Engineer, Austin
10001926,Earl,Bell, Sr Developer, Houston
10001927,Dylan,Love,Jr Developer, Houston
10001928,Luke,Gross,Jr Developer, Houston
10001929,Johanna,Graves, Sr Developer,San Antonio
10001930,Katherine,Lyons, Lead Engineer, Houston
10001931,Antonio,Clarke,Help Desk Technician , Houston
10001932,Celia,Arnold, Sr Developer, Austin
10001933,Elijah,Stevenson, Sales Representative, Austin
10001934,Jeffery,Barber, Sales Representative, Dallas
10001935,Evelyn,Stanley, Sales Representative, Dallas
10001936,Cecilia,Harrison, Lead Engineer, Austin
10001937,Dollie,Marshall, Lead Engineer, Austin
10001938,Susie,Floyd, Sales Representative, Dallas
10001939,Katharine,McKenzie, Sr Developer, Houston
10001940,Julia,Moody, Lead Engineer, Houston
10001941,Ray,Freeman, Sr Developer, Houston
10001942,Tony,Conner,Help Desk Technician ,San Antonio
10001943,Carl,Rivera,Help Desk Technician , Austin
10001944,Lena,Wright, Lead Engineer, Dallas
10001945,Adelaide,Gutierrez,Help Desk Technician , Dallas
10001946,Kevin,Russell, Lead Engineer,San Antonio
10001947,Glen,Simpson,Jr Developer, Austin
10001948,Jack,Malone, Lead Engineer, Houston
10001949,Lulu,Lucas, Sr Developer, Houston
10001950,Willie,Warren, Sr Developer, Dallas
10001951,Martin,McCarthy, Sr Developer, Houston
10001952,Agnes,Simon,Jr Developer, Dallas
10001953,Isabelle,Rose, Sr Developer,San Antonio
10001954,Dominic,Kim,Jr Developer, Dallas
10001955,Chad,Davis, Sr Developer, Austin
10001956,Melvin,Barber,Help Desk Technician , Houston
10001957,Violet,Hardy,Jr Developer, Houston
10001958,Fanny,Robertson, Sr Developer,San Antonio
10001959,Ellen,Barker, Sr Developer, Austin
10001960,Gordon,Cross,Help Desk Technician ,San Antonio
10001961,Myrtie,Roy, Lead Engineer, Dallas
10001962,Susie,Williams, Sales Representative,San Antonio
10001963,Melvin,Garza, Sr Developer, Dallas
10001964,Craig,Ford,Help Desk Technician ,San Antonio
10001965,Francis,Glover,Jr Developer, Austin
10001966,Elva,Malone, Lead Engineer,San Antonio
10001967,Della,Reyes,Jr Developer, Austin
10001968,Lettie,Cummings, Sales Representative, Houston
10001969,Raymond,Soto, Sales Representative, Dallas
10001970,Steve,Gill, Lead Engineer, Houston
10001971,Leona,Brewer, Sales Representative, Austin
10001972,Susan,Christensen, Sales Representative, Austin
10001973,Willie,Hughes, Sales Representative, Austin
10001974,Bernard,Moore,Help Desk Technician , Austin
10001975,Henrietta,Harvey,Help Desk Technician , Austin
10001976,Lois,Crawford,Jr Developer, Houston
10001977,Lola,Welch, Lead Engineer,San Antonio
10001978,Alfred,Hughes,Help Desk Technician , Austin
10001979,Olga,Harris, Sales Representative, Houston
10001980,Leah,Bush, Sr Developer, Houston
10001981,Alejandro,Zimmerman, Sr Developer, Austin
10001982,Jane,Cross,Jr Developer, Houston
10001983,Esther,Thompson, Sales Representative, Dallas
10001984,Jeremiah,Bryant, Sr Developer, Austin
10001985,Samuel,Roy,Help Desk Technician ,San Antonio
10001986,Myrtie,Bell,Help Desk Technician ,San Antonio
10001987,Anne,Stephens, Sr Developer,San Antonio
10001988,Eddie,Rodgers,Jr Developer,San Antonio
10001989,Martin,Evans,Jr Developer, Houston
10001990,Zachary,Hunt,Jr Developer, Dallas
10001991,Laura,Pope,Jr Developer, Dallas
10001992,Nancy,Gardner, Lead Engineer, Houston
10001993,Steve,Vega, Sr Developer,San Antonio
10001994,Evan,Clark,Jr Developer, Austin
10001995,Keith,Summers, Sr Developer, Houston
10001996,Eddie,Perez,Help Desk Technician ,San Antonio
10001997,Lola,James, Sales Representative, Dallas
10001998,Jonathan,Ford,Jr Developer, Austin
10001999,Lela,Fowler, Sr Developer, Dallas
10002000,Clifford,Salazar, Lead Engineer,San Antonio
10002001,Jayden,Frazier, Sr Developer, Houston
10002002,Steve,Dunn, Sales Representative, Dallas
10002003,Loretta,Lynch,Jr Developer, Austin
10002004,Travis,Banks, Sr Developer,San Antonio
10002005,Mitchell,Carroll, Lead Engineer,San Antonio
10002006,Claudia,Cohen, Lead Engineer, Dallas
10002007,Rena,Holland, Sr Developer, Houston
10002008,Hettie,Greer, Sales Representative, Dallas
10002009,Calvin,Curtis,Help Desk Technician ,San Antonio
10002010,Micheal,Ortiz, Lead Engineer, Austin
10002011,Laura,Larson, Lead Engineer, Dallas
10002012,Larry,Gregory, Sales Representative,San Antonio
10002013,Joseph,Holmes, Sr Developer,San Antonio
10002014,Leroy,Mitchell, Sr Developer, Houston
10002015,Irene,Warner, Lead Engineer, Houston
10002016,Leila,Mathis,Help Desk Technician , Houston
10002017,Gertrude,Harris,Help Desk Technician ,San Antonio
10002018,Victoria,Hunter, Sr Developer, Houston
10002019,Harriet,Sharp, Lead Engineer, Dallas
10002020,Jimmy,Sharp, Lead Engineer,San Antonio
10002021,Ollie,Barton,Help Desk Technician , Austin
10002022,Leah,Marshall,Jr Developer, Houston
10002023,Mollie,Robbins, Sales Representative, Dallas
10002024,Adele,Collins, Lead Engineer, Austin
10002025,Rosa,Pearson,Jr Developer, Austin
10002026,Polly,Cobb, Sr Developer,San Antonio
10002027,Nelle,Klein,Help Desk Technician , Dallas
10002028,Margaret,Cummings, Sales Representative, Dallas
10002029,Herbert,Murray,Help Desk Technician , Dallas
10002030,Tom,Garcia, Sr Developer, Houston
10002031,Lucille,Meyer,Jr Developer,San Antonio
10002032,Shane,Farmer, Sr Developer, Houston
10002033,Leona,Bennett, Sales Representative, Dallas
10002034,Daniel,Wise, Sr Developer, Dallas
10002035,Mason,Saunders,Jr Developer, Dallas
10002036,Rhoda,Dean,Jr Developer, Austin
10002037,Harry,Kennedy, Lead Engineer, Houston
10002038,Anne,Powers, Sales Representative, Dallas
10002039,Douglas,Hubbard,Help Desk Technician , Austin
10002040,Francis,Wise,Jr Developer, Austin
10002041,Shawn,Pearson,Help Desk Technician , Houston
10002042,Olive,Daniel, Lead Engineer, Houston
10002043,Dean,Barber, Sr Developer,San Antonio
10002044,Edgar,Nelson,Help Desk Technician ,San Antonio
10002045,Douglas,Ward, Lead Engineer, Houston
10002046,Sophie,Morton,Help Desk Technician , Houston
10002047,Clyde,Jordan,Help Desk Technician , Houston
10002048,Blake,Nelson,Jr Developer, Austin
10002049,Hallie,Greene, Lead Engineer, Austin
10002050,Ethel,Logan, Sr Developer, Houston
10002051,Frank,Marshall, Sales Representative, Houston
10002052,Fanny,Padilla, Sr Developer, Dallas
10002053,Allie,Waters, Sales Representative, Houston
10002054,Benjamin,Smith, Sr Developer, Dallas
10002055,Samuel,Young, Lead Engineer, Austin
10002056,Edgar,Fields,Help Desk Technician , Austin
10002057,Jimmy,Richards,Help Desk Technician ,San Antonio
10002058,Landon,Mendoza,Help Desk Technician , Dallas
10002059,Eliza,Gill, Lead Engineer, Dallas
10002060,Terry,Perez,Jr Developer, Dallas
10002061,Juan,Hicks, Lead Engineer, Austin
10002062,Steve,Hanson,Help Desk Technician , Dallas
10002063,Ida,Potter, Sr Developer, Dallas
10002064,Harriett,Lambert,Help Desk Technician , Dallas
10002065,Birdie,Campbell, Lead Engineer, Houston
10002066,Lucas,Greer, Sales Representative, Dallas
10002067,Birdie,Bridges, Sales Representative,San Antonio
10002068,John,Lucas,Help Desk Technician , Dallas
10002069,Lloyd,Valdez, Sr Developer, Austin
10002070,Susie,Pena,Jr Developer, Houston
10002071,Edith,Gray,Jr Developer, Dallas
10002072,Gregory,Munoz, Sr Developer, Dallas
10002073,Lettie,Elliott,Jr Developer, Dallas
10002074,Barbara,Floyd, Lead Engineer,San Antonio
10002075,Rachel,Lamb, Lead Engineer, Austin
10002076,Milton,Porter,Jr Developer, Houston
10002077,Eleanor,Thomas,Help Desk Technician ,San Antonio
10002078,Sylvia,McGee,Help Desk Technician ,San Antonio
10002079,Cynthia,Greer,Help Desk Technician ,San Antonio
10002080,Clyde,Ortiz, Sr Developer, Houston
10002081,Carolyn,Stephens, Lead Engineer, Dallas
10002082,Winifred,Page, Lead Engineer, Houston
10002083,Kevin,Murphy,Jr Developer, Houston
10002084,Verna,Riley, Sr Developer,San Antonio
10002085,Margaret,Keller,Jr Developer, Austin
10002086,Margaret,Munoz, Lead Engineer, Austin
10002087,Cordelia,Love,Help Desk Technician , Houston
10002088,Minerva,Padilla,Jr Developer,San Antonio
10002089,Marie,Casey,Help Desk Technician , Houston
10002090,Clyde,Higgins, Sales Representative,San Antonio
10002091,Louisa,Powers,Help Desk Technician , Dallas
10002092,Theodore,Hawkins, Sales Representative,San Antonio
10002093,Gavin,Carpenter, Lead Engineer,San Antonio
10002094,Keith,Clark,Help Desk Technician ,San Antonio
10002095,Robert,Valdez,Help Desk Technician , Houston
10002096,Agnes,Watson,Jr Developer,San Antonio
10002097,Roger,Hill, Sr Developer, Houston
10002098,Marion,Wolfe,Jr Developer,San Antonio
10002099,Ida,Turner, Lead Engineer, Dallas
10002100,Willie,Chandler, Lead Engineer, Houston
10002101,Etta,Nelson, Sr Developer, Houston
10002102,Martin,Phelps, Lead Engineer,San Antonio
10002103,Susie,Wong, Sales Representative, Dallas
10002104,Hilda,Newton, Lead Engineer, Houston
10002105,Nettie,Stevenson, Sales Representative,San Antonio
10002106,Maurice,Washington, Sr Developer, Austin
10002107,Myra,Robinson,Jr Developer, Dallas
10002108,Jeanette,Cunningham,Jr Developer, Dallas
10002109,Trevor,Cruz,Help Desk Technician , Austin
10002110,Jesse,Walsh, Lead Engineer, Austin
